ELB URL,ELB NAME,SCHEME
choice-staging-54099742.us-east-1.elb.amazonaws.com, choice-staging, internet-facing
lead-simulator-staging-463552696.us-east-1.elb.amazonaws.com, lead-simulator-staging, internet-facing
turbo-calls-1552229284.us-east-1.elb.amazonaws.com, turbo-calls, internet-facing
lead-simulator-production-115624343.us-east-1.elb.amazonaws.com, lead-simulator-production, internet-facing
services-ui-production-614953549.us-east-1.elb.amazonaws.com, services-ui-production, internet-facing
services-ui-test-2112440088.us-east-1.elb.amazonaws.com, services-ui-test, internet-facing
choice-ui-prod-adharmonics-1306658275.us-east-1.elb.amazonaws.com, choice-ui-prod-adharmonics, internet-facing
secure-tasks-staging-1291905142.us-east-1.elb.amazonaws.com, secure-tasks-staging, internet-facing
secure-tasks-prod-876306523.us-east-1.elb.amazonaws.com, secure-tasks-prod, internet-facing
feedback-api-prod-478852306.us-east-1.elb.amazonaws.com, feedback-api-prod, internet-facing
secure-leads-email-prod-918776893.us-east-1.elb.amazonaws.com, secure-leads-email-prod, internet-facing
email-leads-api-prod-1105018192.us-east-1.elb.amazonaws.com, email-leads-api-prod, internet-facing
email-carrier-direct-prod-2081393343.us-east-1.elb.amazonaws.com, email-carrier-direct-prod, internet-facing
yoda-stage-550040158.us-east-1.elb.amazonaws.com, yoda-stage, internet-facing
yoda-prod-1378872799.us-east-1.elb.amazonaws.com, yoda-prod, internet-facing
yoda-dev-279163712.us-east-1.elb.amazonaws.com, yoda-dev, internet-facing
everquote-choice-ui-1592663189.us-east-1.elb.amazonaws.com, everquote-choice-ui, internet-facing
secure-post-staging-1024264386.us-east-1.elb.amazonaws.com, secure-post-staging, internet-facing
secure-post-prod-1431412844.us-east-1.elb.amazonaws.com, secure-post-prod, internet-facing
secure-track-stage-elb-285757435.us-east-1.elb.amazonaws.com, secure-track-stage-elb, internet-facing
p-secure-track-adh8-prod-1925362663.us-east-1.elb.amazonaws.com, p-secure-track-adh8-prod, internet-facing
p-secure-track-everquote-prod-821746227.us-east-1.elb.amazonaws.com, p-secure-track-everquote-prod, internet-facing
secure-route-prod-39356745.us-east-1.elb.amazonaws.com, secure-route-prod, internet-facing
secure-route-stage-1329353256.us-east-1.elb.amazonaws.com, secure-route-stage, internet-facing
evqt-accounts-production-1334367980.us-east-1.elb.amazonaws.com, evqt-accounts-production, internet-facing
evqt-accounts-staging-1794728639.us-east-1.elb.amazonaws.com, evqt-accounts-staging, internet-facing
quotes-staging-1779898332.us-east-1.elb.amazonaws.com, quotes-staging, internet-facing
quotes-1254442220.us-east-1.elb.amazonaws.com, quotes, internet-facing
email-redirector-prod-755311805.us-east-1.elb.amazonaws.com, email-redirector-prod, internet-facing
lynx-staging-vpc-364733992.us-east-1.elb.amazonaws.com, lynx-staging-vpc, internet-facing
email-redirector-staging-734391530.us-east-1.elb.amazonaws.com, email-redirector-staging, internet-facing
choice-ui-integ-1734784145.us-east-1.elb.amazonaws.com, choice-ui-integ, internet-facing
secure-feedback-prod-1850893033.us-east-1.elb.amazonaws.com, secure-feedback-prod, internet-facing
secure-leads-1758727888.us-east-1.elb.amazonaws.com, secure-leads, internet-facing
leads-admin-api-prod-525755417.us-east-1.elb.amazonaws.com, leads-admin-api-prod, internet-facing
leads-route-api-prod-1387321806.us-east-1.elb.amazonaws.com, leads-route-api-prod, internet-facing
hop-on-pop-staging-378970090.us-east-1.elb.amazonaws.com, hop-on-pop-staging, internet-facing
hop-on-pop-prod-1446743694.us-east-1.elb.amazonaws.com, hop-on-pop-prod, internet-facing
phonebooth-production-1235144689.us-east-1.elb.amazonaws.com, phonebooth-production, internet-facing
email-carrier-direct-staging-1076246213.us-east-1.elb.amazonaws.com, email-carrier-direct-staging, internet-facing
p-secure-track-stage-evqt-elb-651005128.us-east-1.elb.amazonaws.com, p-secure-track-stage-evqt-elb, internet-facing
buyer-predictor-prod-1700936034.us-east-1.elb.amazonaws.com, buyer-predictor-prod, internet-facing
services-ui-staging-714613237.us-east-1.elb.amazonaws.com, services-ui-staging, internet-facing
lynx-public-682045075.us-east-1.elb.amazonaws.com, lynx-public, internet-facing
secure-leads-staging-1626202509.us-east-1.elb.amazonaws.com, secure-leads-staging, internet-facing
secure-leads-test-2125489523.us-east-1.elb.amazonaws.com, secure-leads-test, internet-facing
public-everquote-1903692454.us-east-1.elb.amazonaws.com, public-everquote, internet-facing
choice-ui-production-2-1680197558.us-east-1.elb.amazonaws.com, choice-ui-production-2, internet-facing
public-auto-rate-finder-465023233.us-east-1.elb.amazonaws.com, public-auto-rate-finder, internet-facing
public-provide-insurance-savings-1775211542.us-east-1.elb.amazonaws.com, public-provide-insurance-savings, internet-facing
public-usautoinsurancenow-2071011954.us-east-1.elb.amazonaws.com, public-usautoinsurancenow, internet-facing
internal-hop-on-pop-int-staging-33686355.us-east-1.elb.amazonaws.com, hop-on-pop-int-staging, internal
internal-hop-on-pop-int-prod-1957786277.us-east-1.elb.amazonaws.com, hop-on-pop-int-prod, internal
choice-redirector-prod-152024496.us-east-1.elb.amazonaws.com, choice-redirector-prod, internet-facing
evqt-pro-ui-1027977124.us-east-1.elb.amazonaws.com, evqt-pro-ui, internet-facing
public-provide-savings-1991918700.us-east-1.elb.amazonaws.com, public-provide-savings, internet-facing
public-adh8-138998921.us-east-1.elb.amazonaws.com, public-adh8, internet-facing
public-evqt-763761836.us-east-1.elb.amazonaws.com, public-evqt, internet-facing
credentials-management-prod-310619203.us-east-1.elb.amazonaws.com, credentials-management-prod, internet-facing
credentials-management-staging-1469074302.us-east-1.elb.amazonaws.com, credentials-management-staging, internet-facing
credentials-management-test-568604890.us-east-1.elb.amazonaws.com, credentials-management-test, internet-facing
orange-strawberry-banana-1884907859.us-east-1.elb.amazonaws.com, orange-strawberry-banana, internet-facing
email-redirector-agent-prod-1342343057.us-east-1.elb.amazonaws.com, email-redirector-agent-prod, internet-facing
public-get-my-quotes-602181028.us-east-1.elb.amazonaws.com, public-get-my-quotes, internet-facing
stax-staging-1603180906.us-east-1.elb.amazonaws.com, stax-staging, internet-facing
cerberus-prod-351779152.us-east-1.elb.amazonaws.com, cerberus-prod, internet-facing
stax-production-1936961643.us-east-1.elb.amazonaws.com, stax-production, internet-facing
public-secure-low-rates-1408029060.us-east-1.elb.amazonaws.com, public-secure-low-rates, internet-facing
lynx-dev-1073650537.us-east-1.elb.amazonaws.com, lynx-dev, internet-facing
lynx-integ-558303481.us-east-1.elb.amazonaws.com, lynx-integ, internet-facing
d-test-secure-track-staging-639486159.us-east-1.elb.amazonaws.com, d-test-secure-track-staging, internet-facing
d-secure-track-prod-1286879694.us-east-1.elb.amazonaws.com, d-secure-track-prod, internet-facing
leads-api-staging-1909246139.us-east-1.elb.amazonaws.com, leads-api-staging, internet-facing
lynx-advertorial-prod-837148098.us-east-1.elb.amazonaws.com, lynx-advertorial-prod, internet-facing
agents-cti-staging-555545439.us-east-1.elb.amazonaws.com, agents-cti-staging, internet-facing
secure-traffics-prod-21862213.us-east-1.elb.amazonaws.com, secure-traffics-prod, internet-facing
secure-traffics-stage-33620234.us-east-1.elb.amazonaws.com, secure-traffics-stage, internet-facing
agents-cti-prod-566412199.us-east-1.elb.amazonaws.com, agents-cti-prod, internet-facing
leads-return-staging-2141680732.us-east-1.elb.amazonaws.com, leads-return-staging, internet-facing
public-us-life-insurance-159290851.us-east-1.elb.amazonaws.com, public-us-life-insurance, internet-facing
leads-return-prod-1328720432.us-east-1.elb.amazonaws.com, leads-return-prod, internet-facing
looker-prod-1680844551.us-east-1.elb.amazonaws.com, looker-prod, internet-facing
public-provide-home-insurance-924652473.us-east-1.elb.amazonaws.com, public-provide-home-insurance, internet-facing
public-provide-life-insurance-1785731285.us-east-1.elb.amazonaws.com, public-provide-life-insurance, internet-facing
internal-media-api-asserter-staging-934315302.us-east-1.elb.amazonaws.com, media-api-asserter-staging, internal
internal-media-api-asserter-prod-160744064.us-east-1.elb.amazonaws.com, media-api-asserter-prod, internal
public-us-home-insurance-674966816.us-east-1.elb.amazonaws.com, public-us-home-insurance, internet-facing
public-easy-insurance-quotes-26874763.us-east-1.elb.amazonaws.com, public-easy-insurance-quotes, internet-facing
public-get-quotes-now-1080711912.us-east-1.elb.amazonaws.com, public-get-quotes-now, internet-facing
public-great-insurancequotes-1832667954.us-east-1.elb.amazonaws.com, public-great-insurancequotes, internet-facing
email-leads-api-staging-790163604.us-east-1.elb.amazonaws.com, email-leads-api-staging, internet-facing
public-insurance-rate-finder-1408384001.us-east-1.elb.amazonaws.com, public-insurance-rate-finder, internet-facing
public-life-coverage-1441134710.us-east-1.elb.amazonaws.com, public-life-coverage, internet-facing
public-get-life-quotes-1977914693.us-east-1.elb.amazonaws.com, public-get-life-quotes, internet-facing
public-home-coverage-now-305660009.us-east-1.elb.amazonaws.com, public-home-coverage-now, internet-facing
agents-feeds-staging-31298796.us-east-1.elb.amazonaws.com, agents-feeds-staging, internet-facing
agents-feeds-prod-1443392750.us-east-1.elb.amazonaws.com, agents-feeds-prod, internet-facing
public-easy-home-coverage-577515277.us-east-1.elb.amazonaws.com, public-easy-home-coverage, internet-facing
public-home-coverage-options-1800214213.us-east-1.elb.amazonaws.com, public-home-coverage-options, internet-facing
public-full-auto-coverage-538146859.us-east-1.elb.amazonaws.com, public-full-auto-coverage, internet-facing
feeds-staging-1619529271.us-east-1.elb.amazonaws.com, feeds-staging, internet-facing
public-uslifeinsurancenow-179044588.us-east-1.elb.amazonaws.com, public-uslifeinsurancenow, internet-facing
lynx-green-prod-2014078786.us-east-1.elb.amazonaws.com, lynx-green-prod, internet-facing
adh-feeds-prod-1944237197.us-east-1.elb.amazonaws.com, adh-feeds-prod, internet-facing
public-my-life-insurance-now-1606113368.us-east-1.elb.amazonaws.com, public-my-life-insurance-now, internet-facing
public-us-life-insurance-now-311907408.us-east-1.elb.amazonaws.com, public-us-life-insurance-now, internet-facing
public-life-insurance-today-1397483304.us-east-1.elb.amazonaws.com, public-life-insurance-today, internet-facing
public-us-life-insurance-quotes-1054426102.us-east-1.elb.amazonaws.com, public-us-life-insurance-quotes, internet-facing
public-american-life-insurance-559625603.us-east-1.elb.amazonaws.com, public-american-life-insurance, internet-facing
lynx-production-testing-1745686101.us-east-1.elb.amazonaws.com, lynx-production-testing, internet-facing
public-getuslifeinsurance-1167905232.us-east-1.elb.amazonaws.com, public-getuslifeinsurance, internet-facing
public-provide-life-insur-now-2136655442.us-east-1.elb.amazonaws.com, public-provide-life-insur-now, internet-facing
internal-turbine-staging-int-54597454.us-east-1.elb.amazonaws.com, turbine-staging-int, internal
internal-lead-finder-INT-staging-1750441897.us-east-1.elb.amazonaws.com, lead-finder-INT-staging, internal
pro-api-integ-748214514.us-east-1.elb.amazonaws.com, pro-api-integ, internet-facing
internal-lead-finder-INT-prod-145504927.us-east-1.elb.amazonaws.com, lead-finder-INT-prod, internal
public-provide-life-ins-quotes-1858634379.us-east-1.elb.amazonaws.com, public-provide-life-ins-quotes, internet-facing
rtb-bidder-prod-1918733057.us-east-1.elb.amazonaws.com, rtb-bidder-prod, internet-facing
rtb-pixel-prod-1586504238.us-east-1.elb.amazonaws.com, rtb-pixel-prod, internet-facing
lynx-blue-prod-1730432221.us-east-1.elb.amazonaws.com, lynx-blue-prod, internet-facing
pro-api-prod-1742253118.us-east-1.elb.amazonaws.com, pro-api-prod, internet-facing
public-american-homeowners-insu-1926237326.us-east-1.elb.amazonaws.com, public-american-homeowners-insu, internet-facing
secure-post-integ-450598881.us-east-1.elb.amazonaws.com, secure-post-integ, internet-facing
rtb-pixel-staging-1197484085.us-east-1.elb.amazonaws.com, rtb-pixel-staging, internet-facing
rtb-bidder-staging-3056558.us-east-1.elb.amazonaws.com, rtb-bidder-staging, internet-facing
pro-api-staging-614398574.us-east-1.elb.amazonaws.com, pro-api-staging, internet-facing
pub-american-life-insur-today-1725355292.us-east-1.elb.amazonaws.com, pub-american-life-insur-today, internet-facing
pub-provide-american-life-insur-511978308.us-east-1.elb.amazonaws.com, pub-provide-american-life-insur, internet-facing
pub-my-american-life-insur-1996009655.us-east-1.elb.amazonaws.com, pub-my-american-life-insur, internet-facing
rtb-pixel-dev-2089828178.us-east-1.elb.amazonaws.com, rtb-pixel-dev, internet-facing
rtb-bidder-dev-629422004.us-east-1.elb.amazonaws.com, rtb-bidder-dev, internet-facing
internal-bi-scripts-int-prod-1736700020.us-east-1.elb.amazonaws.com, bi-scripts-int-prod, internal
public-national-homeowners-1754895838.us-east-1.elb.amazonaws.com, public-national-homeowners, internet-facing
public-american-homeowners-savin-340803633.us-east-1.elb.amazonaws.com, public-american-homeowners-savin, internet-facing
public-provide-homeowners-saving-740062586.us-east-1.elb.amazonaws.com, public-provide-homeowners-saving, internet-facing
public-homeowners-insurance-savi-654034576.us-east-1.elb.amazonaws.com, public-homeowners-insurance-savi, internet-facing
public-savings-home-insurance-38183422.us-east-1.elb.amazonaws.com, public-savings-home-insurance, internet-facing
public-home-insurance-savings-1360903991.us-east-1.elb.amazonaws.com, public-home-insurance-savings, internet-facing
public-save-homeowners-insurance-238283960.us-east-1.elb.amazonaws.com, public-save-homeowners-insurance, internet-facing
public-staging-provide-home-1108238711.us-east-1.elb.amazonaws.com, public-staging-provide-home, internet-facing
public-home-livesmarterdaily-660025285.us-east-1.elb.amazonaws.com, public-home-livesmarterdaily, internet-facing
public-life-livesmarterdaily-1953277281.us-east-1.elb.amazonaws.com, public-life-livesmarterdaily, internet-facing
cheeseshop-staging-677074576.us-east-1.elb.amazonaws.com, cheeseshop-staging, internet-facing
cheeseshop-master-prod-2118666268.us-east-1.elb.amazonaws.com, cheeseshop-master-prod, internet-facing
cheeseshop-slave-prod-1692821122.us-east-1.elb.amazonaws.com, cheeseshop-slave-prod, internet-facing
internal-int-evqt-domains-staging-1573963581.us-east-1.elb.amazonaws.com, int-evqt-domains-staging, internal
casper-jamf-1298274439.us-east-1.elb.amazonaws.com, casper-jamf, internet-facing
internal-rtb-perftest-staging-618667721.us-east-1.elb.amazonaws.com, rtb-perftest-staging, internal
internal-int-evqt-domains-prod-731410943.us-east-1.elb.amazonaws.com, int-evqt-domains-prod, internal
internal-int-asharp-staging-894109739.us-east-1.elb.amazonaws.com, int-asharp-staging, internal
internal-int-asharp-prod-887841010.us-east-1.elb.amazonaws.com, int-asharp-prod, internal
public-cheaper-life-insurance-306334190.us-east-1.elb.amazonaws.com, public-cheaper-life-insurance, internet-facing
public-national-life-insurance-1197332688.us-east-1.elb.amazonaws.com, public-national-life-insurance, internet-facing
cheeseshop-public-308804698.us-east-1.elb.amazonaws.com, cheeseshop-public, internet-facing
secure-route-integ-652520231.us-east-1.elb.amazonaws.com, secure-route-integ, internet-facing
agents-cti-picker-staging-2058026422.us-east-1.elb.amazonaws.com, agents-cti-picker-staging, internet-facing
public-cheap-home-ins-savings-931229384.us-east-1.elb.amazonaws.com, public-cheap-home-ins-savings, internet-facing
public-quotealpha-251579282.us-east-1.elb.amazonaws.com, public-quotealpha, internet-facing
looker-staging-1864554920.us-east-1.elb.amazonaws.com, looker-staging, internet-facing
internal-pong-INT-staging-1735082803.us-east-1.elb.amazonaws.com, pong-INT-staging, internal
internal-pong-INT-prod-476964128.us-east-1.elb.amazonaws.com, pong-INT-prod, internal
agents-cti-picker-prod-2097090363.us-east-1.elb.amazonaws.com, agents-cti-picker-prod, internet-facing
lynx-life-staging-214852217.us-east-1.elb.amazonaws.com, lynx-life-staging, internet-facing
internal-clicks-util-stage-573858273.us-east-1.elb.amazonaws.com, clicks-util-stage, internal
leads-nondistro-staging-1666447459.us-east-1.elb.amazonaws.com, leads-nondistro-staging, internet-facing
internal-clicks-util-prod-260741846.us-east-1.elb.amazonaws.com, clicks-util-prod, internal
call-me-maybe-staging-121299760.us-east-1.elb.amazonaws.com, call-me-maybe-staging, internet-facing
call-me-maybe-prod-1562651691.us-east-1.elb.amazonaws.com, call-me-maybe-prod, internet-facing
public-email-rm-1-1273489089.us-east-1.elb.amazonaws.com, public-email-rm-1, internet-facing
leads-nondistro-prod-88643297.us-east-1.elb.amazonaws.com, leads-nondistro-prod, internet-facing
rtb-bidder-integ-427258920.us-east-1.elb.amazonaws.com, rtb-bidder-integ, internet-facing
rtb-pixel-integ-1645473920.us-east-1.elb.amazonaws.com, rtb-pixel-integ, internet-facing
lynx-life-prod-1214461799.us-east-1.elb.amazonaws.com, lynx-life-prod, internet-facing
agents-cti-staging-2-394244662.us-east-1.elb.amazonaws.com, agents-cti-staging-2, internet-facing
lynx-home-staging-2058219941.us-east-1.elb.amazonaws.com, lynx-home-staging, internet-facing
public-home-insurance-quotes-now-635530355.us-east-1.elb.amazonaws.com, public-home-insurance-quotes-now, internet-facing
public-life-getgreatquotes-420146912.us-east-1.elb.amazonaws.com, public-life-getgreatquotes, internet-facing
agents-cti-prod-2-2088324919.us-east-1.elb.amazonaws.com, agents-cti-prod-2, internet-facing
public-media-auto-domains-2-1226868293.us-east-1.elb.amazonaws.com, public-media-auto-domains-2, internet-facing
public-media-auto-domains-1-1955892010.us-east-1.elb.amazonaws.com, public-media-auto-domains-1, internet-facing
public-media-home-domains-1-1503738832.us-east-1.elb.amazonaws.com, public-media-home-domains-1, internet-facing
public-media-life-domains-1-1309151764.us-east-1.elb.amazonaws.com, public-media-life-domains-1, internet-facing
everdrive-redirector-prod-1574735728.us-east-1.elb.amazonaws.com, everdrive-redirector-prod, internet-facing
public-home-chooseyourquotes-423532567.us-east-1.elb.amazonaws.com, public-home-chooseyourquotes, internet-facing
internal-noc-cumsum-staging-1880432154.us-east-1.elb.amazonaws.com, noc-cumsum-staging, internal
public-life-everquote-197751691.us-east-1.elb.amazonaws.com, public-life-everquote, internet-facing
public-home-easier-autoins-1618221957.us-east-1.elb.amazonaws.com, public-home-easier-autoins, internet-facing
public-life-easier-autoins-1021310383.us-east-1.elb.amazonaws.com, public-life-easier-autoins, internet-facing
internal-ahem-staging-1725504384.us-east-1.elb.amazonaws.com, ahem-staging, internal
pro-api-v-integ-2105350131.us-east-1.elb.amazonaws.com, pro-api-v-integ, internet-facing
public-emarketing-life-domains-1-1701169334.us-east-1.elb.amazonaws.com, public-emarketing-life-domains-1, internet-facing
lynx-home-prod-36967768.us-east-1.elb.amazonaws.com, lynx-home-prod, internet-facing
internal-int-asharp-dev-2018245265.us-east-1.elb.amazonaws.com, int-asharp-dev, internal
internal-noc-cumsum-prod-650039167.us-east-1.elb.amazonaws.com, noc-cumsum-prod, internal
pro-ui-v-integ-663363654.us-east-1.elb.amazonaws.com, pro-ui-v-integ, internet-facing
asharp-public-email-prod-388359250.us-east-1.elb.amazonaws.com, asharp-public-email-prod, internet-facing
sorcery-everquote-io-1585649924.us-east-1.elb.amazonaws.com, sorcery-everquote-io, internet-facing
stampr-staging-1043343230.us-east-1.elb.amazonaws.com, stampr-staging, internet-facing
asharp-public-email-dev-803782366.us-east-1.elb.amazonaws.com, asharp-public-email-dev, internet-facing
asharp-public-email-staging-88453462.us-east-1.elb.amazonaws.com, asharp-public-email-staging, internet-facing
internal-lead-auction-service-proto-stg-1365210624.us-east-1.elb.amazonaws.com, lead-auction-service-proto-stg, internal
internal-lead-reporter-api-staging-512202603.us-east-1.elb.amazonaws.com, lead-reporter-api-staging, internal
internal-lead-auction-service-proto-prod-320017166.us-east-1.elb.amazonaws.com, lead-auction-service-proto-prod, internal
internal-lead-reporter-api-prod-343853246.us-east-1.elb.amazonaws.com, lead-reporter-api-prod, internal
public-emarketing-auto-domains-1-32190421.us-east-1.elb.amazonaws.com, public-emarketing-auto-domains-1, internet-facing
cerberus-staging-1527873247.us-east-1.elb.amazonaws.com, cerberus-staging, internet-facing
public-emarketing-life-domains-2-43432678.us-east-1.elb.amazonaws.com, public-emarketing-life-domains-2, internet-facing
public-emarketing-home-domains-1-2033966384.us-east-1.elb.amazonaws.com, public-emarketing-home-domains-1, internet-facing
optimizer-staging-1122667508.us-east-1.elb.amazonaws.com, optimizer-staging, internet-facing
internal-lead-reporter-ui-staging-1139385439.us-east-1.elb.amazonaws.com, lead-reporter-ui-staging, internal
internal-datascience-notebook-staging-1178645866.us-east-1.elb.amazonaws.com, datascience-notebook-staging, internal
internal-lead-reporter-ui-prod-448843501.us-east-1.elb.amazonaws.com, lead-reporter-ui-prod, internal
master-ads-staging-1183692071.us-east-1.elb.amazonaws.com, master-ads-staging, internet-facing
stampr-prod-232205667.us-east-1.elb.amazonaws.com, stampr-prod, internet-facing
internal-goattalk-staging-1448118036.us-east-1.elb.amazonaws.com, goattalk-staging, internal
optimizer-prod-1296342107.us-east-1.elb.amazonaws.com, optimizer-prod, internet-facing
public-emarketing-life-domains-3-1474417095.us-east-1.elb.amazonaws.com, public-emarketing-life-domains-3, internet-facing
public-emarketing-home-domains-2-1728191580.us-east-1.elb.amazonaws.com, public-emarketing-home-domains-2, internet-facing
public-emarketing-auto-domains-2-671289178.us-east-1.elb.amazonaws.com, public-emarketing-auto-domains-2, internet-facing
master-ads-prod-1847905446.us-east-1.elb.amazonaws.com, master-ads-prod, internet-facing
internal-everguide-staging-1783813249.us-east-1.elb.amazonaws.com, everguide-staging, internal
internal-ahem-prod-901252864.us-east-1.elb.amazonaws.com, ahem-prod, internal
salesforce-cheat-sheet-staging-1594830233.us-east-1.elb.amazonaws.com, salesforce-cheat-sheet-staging, internet-facing
internal-everguide-prod-1997541305.us-east-1.elb.amazonaws.com, everguide-prod, internal
internal-email-webhooks-staging-822089806.us-east-1.elb.amazonaws.com, email-webhooks-staging, internal
email-webhooks-prod-2110878807.us-east-1.elb.amazonaws.com, email-webhooks-prod, internet-facing
public-emarketing-auto-domains-3-1268005970.us-east-1.elb.amazonaws.com, public-emarketing-auto-domains-3, internet-facing
public-emarketing-life-domains-4-657559460.us-east-1.elb.amazonaws.com, public-emarketing-life-domains-4, internet-facing
public-emarketing-home-domains-3-1910770193.us-east-1.elb.amazonaws.com, public-emarketing-home-domains-3, internet-facing
internal-validation-service-staging-2099947312.us-east-1.elb.amazonaws.com, validation-service-staging, internal
internal-validation-service-prod-1335420046.us-east-1.elb.amazonaws.com, validation-service-prod, internal
email-feed-prod-1795702008.us-east-1.elb.amazonaws.com, email-feed-prod, internet-facing
internal-nominatim-staging-814164844.us-east-1.elb.amazonaws.com, nominatim-staging, internal
internal-wooey-staging-24294923.us-east-1.elb.amazonaws.com, wooey-staging, internal
internal-clicksfeedback-processor-staging-652414083.us-east-1.elb.amazonaws.com, clicksfeedback-processor-staging, internal
internal-lynx-internal-staging-1587778536.us-east-1.elb.amazonaws.com, lynx-internal-staging, internal
internal-lynx-home-internal-staging-1840327168.us-east-1.elb.amazonaws.com, lynx-home-internal-staging, internal
internal-lynx-life-internal-staging-2058084572.us-east-1.elb.amazonaws.com, lynx-life-internal-staging, internal
internal-locust-master-staging-1618473026.us-east-1.elb.amazonaws.com, locust-master-staging, internal
home-green-test-1548323517.us-east-1.elb.amazonaws.com, home-green-test, internet-facing
internal-apollo-clicks-staging-2069854501.us-east-1.elb.amazonaws.com, apollo-clicks-staging, internal
internal-lynx-internal-prod-1651404534.us-east-1.elb.amazonaws.com, lynx-internal-prod, internal
internal-clicks-feedback-processor-prod-2-1615149531.us-east-1.elb.amazonaws.com, clicks-feedback-processor-prod-2, internal
internal-lynx-home-internal-prod-1789300934.us-east-1.elb.amazonaws.com, lynx-home-internal-prod, internal
internal-lynx-life-internal-prod-1935858550.us-east-1.elb.amazonaws.com, lynx-life-internal-prod, internal
internal-locust2-master-staging-1305592973.us-east-1.elb.amazonaws.com, locust2-master-staging, internal
public-emarketing-auto-domains-4-1397573868.us-east-1.elb.amazonaws.com, public-emarketing-auto-domains-4, internet-facing
public-emarketing-auto-domains-5-76514897.us-east-1.elb.amazonaws.com, public-emarketing-auto-domains-5, internet-facing
home-blue-test-1949924158.us-east-1.elb.amazonaws.com, home-blue-test, internet-facing
internal-apollo-clicks-prod-1488903226.us-east-1.elb.amazonaws.com, apollo-clicks-prod, internal
internal-cerberus-admin-staging-697505240.us-east-1.elb.amazonaws.com, cerberus-admin-staging, internal
life-green-test-1854819118.us-east-1.elb.amazonaws.com, life-green-test, internet-facing
life-blue-test-1521188443.us-east-1.elb.amazonaws.com, life-blue-test, internet-facing
public-emarketing-auto-domains-6-605789224.us-east-1.elb.amazonaws.com, public-emarketing-auto-domains-6, internet-facing
pro-api-v-staging-315336878.us-east-1.elb.amazonaws.com, pro-api-v-staging, internet-facing
public-emarketing-auto-domains-7-632428816.us-east-1.elb.amazonaws.com, public-emarketing-auto-domains-7, internet-facing
internal-goat-staging-1613392852.us-east-1.elb.amazonaws.com, goat-staging, internal
internal-pro-ui-v-staging-int-628272352.us-east-1.elb.amazonaws.com, pro-ui-v-staging-int, internal
internal-pro-api-v-staging-int-871293822.us-east-1.elb.amazonaws.com, pro-api-v-staging-int, internal
origin-pro-ui-v-staging-1622960125.us-east-1.elb.amazonaws.com, origin-pro-ui-v-staging, internet-facing
internal-recent-click-db-manager-staging-1207822043.us-east-1.elb.amazonaws.com, recent-click-db-manager-staging, internal
internal-secure-leads-tomcat8-staging-1609265102.us-east-1.elb.amazonaws.com, secure-leads-tomcat8-staging, internal
internal-pro-ui-v-prod-1248148043.us-east-1.elb.amazonaws.com, pro-ui-v-prod, internal
origin-pro-ui-v-prod-364667889.us-east-1.elb.amazonaws.com, origin-pro-ui-v-prod, internet-facing
internal-pro-api-v-prod-260328671.us-east-1.elb.amazonaws.com, pro-api-v-prod, internal
internal-traffic-data-feeds-staging-1952031190.us-east-1.elb.amazonaws.com, traffic-data-feeds-staging, internal
internal-auction-insights-staging-1030231880.us-east-1.elb.amazonaws.com, auction-insights-staging, internal
internal-auction-insights-prod-1503663213.us-east-1.elb.amazonaws.com, auction-insights-prod, internal
internal-recent-click-db-manager-prod-1458340689.us-east-1.elb.amazonaws.com, recent-click-db-manager-prod, internal
internal-traffic-data-feeds-prod-1932423358.us-east-1.elb.amazonaws.com, traffic-data-feeds-prod, internal
internal-goat-proxy-staging-1835718752.us-east-1.elb.amazonaws.com, goat-proxy-staging, internal
internal-informer-staging-1464065535.us-east-1.elb.amazonaws.com, informer-staging, internal
internal-curves-api-web-staging-463557240.us-east-1.elb.amazonaws.com, curves-api-web-staging, internal
internal-sem-bidder-staging-2114746566.us-east-1.elb.amazonaws.com, sem-bidder-staging, internal
feeds-acm-test-prod-1372958625.us-east-1.elb.amazonaws.com, feeds-acm-test-prod, internet-facing
internal-curves-api-web-prod-146279517.us-east-1.elb.amazonaws.com, curves-api-web-prod, internal
internal-react-goat-staging-643275183.us-east-1.elb.amazonaws.com, react-goat-staging, internal
secure-post-stage-1969673659.us-east-1.elb.amazonaws.com, secure-post-stage, internet-facing
internal-secure-post-production-557791754.us-east-1.elb.amazonaws.com, secure-post-production, internal
internal-informer-prod-121926986.us-east-1.elb.amazonaws.com, informer-prod, internal
secure-leads-tomcat85-staging-288136298.us-east-1.elb.amazonaws.com, secure-leads-tomcat85-staging, internet-facing
internal-lynx-green-test-internal-199611979.us-east-1.elb.amazonaws.com, lynx-green-test-internal, internal