choice-,taging-54099742.u,-ea,t-1.elb.amazonaw,.com	choice-,taging	internet-facing
lead-,imulator-,taging-463552696.u,-ea,t-1.elb.amazonaw,.com	lead-,imulator-,taging	internet-facing
turbo-call,-1552229284.u,-ea,t-1.elb.amazonaw,.com	turbo-call,	internet-facing
lead-,imulator-production-115624343.u,-ea,t-1.elb.amazonaw,.com	lead-,imulator-production	internet-facing
,ervice,-ui-production-614953549.u,-ea,t-1.elb.amazonaw,.com	,ervice,-ui-production	internet-facing
,ervice,-ui-te,t-2112440088.u,-ea,t-1.elb.amazonaw,.com	,ervice,-ui-te,t	internet-facing
choice-ui-prod-adharmonic,-1306658275.u,-ea,t-1.elb.amazonaw,.com	choice-ui-prod-adharmonic,	internet-facing
,ecure-ta,k,-,taging-1291905142.u,-ea,t-1.elb.amazonaw,.com	,ecure-ta,k,-,taging	internet-facing
,ecure-ta,k,-prod-876306523.u,-ea,t-1.elb.amazonaw,.com	,ecure-ta,k,-prod	internet-facing
feedback-api-prod-478852306.u,-ea,t-1.elb.amazonaw,.com	feedback-api-prod	internet-facing
,ecure-lead,-email-prod-918776893.u,-ea,t-1.elb.amazonaw,.com	,ecure-lead,-email-prod	internet-facing
email-lead,-api-prod-1105018192.u,-ea,t-1.elb.amazonaw,.com	email-lead,-api-prod	internet-facing
email-carrier-direct-prod-2081393343.u,-ea,t-1.elb.amazonaw,.com	email-carrier-direct-prod	internet-facing
yoda-,tage-550040158.u,-ea,t-1.elb.amazonaw,.com	yoda-,tage	internet-facing
yoda-prod-1378872799.u,-ea,t-1.elb.amazonaw,.com	yoda-prod	internet-facing
yoda-dev-279163712.u,-ea,t-1.elb.amazonaw,.com	yoda-dev	internet-facing
everquote-choice-ui-1592663189.u,-ea,t-1.elb.amazonaw,.com	everquote-choice-ui	internet-facing
,ecure-po,t-,taging-1024264386.u,-ea,t-1.elb.amazonaw,.com	,ecure-po,t-,taging	internet-facing
,ecure-po,t-prod-1431412844.u,-ea,t-1.elb.amazonaw,.com	,ecure-po,t-prod	internet-facing
,ecure-track-,tage-elb-285757435.u,-ea,t-1.elb.amazonaw,.com	,ecure-track-,tage-elb	internet-facing
p-,ecure-track-adh8-prod-1925362663.u,-ea,t-1.elb.amazonaw,.com	p-,ecure-track-adh8-prod	internet-facing
p-,ecure-track-everquote-prod-821746227.u,-ea,t-1.elb.amazonaw,.com	p-,ecure-track-everquote-prod	internet-facing
,ecure-route-prod-39356745.u,-ea,t-1.elb.amazonaw,.com	,ecure-route-prod	internet-facing
,ecure-route-,tage-1329353256.u,-ea,t-1.elb.amazonaw,.com	,ecure-route-,tage	internet-facing
evqt-account,-production-1334367980.u,-ea,t-1.elb.amazonaw,.com	evqt-account,-production	internet-facing
evqt-account,-,taging-1794728639.u,-ea,t-1.elb.amazonaw,.com	evqt-account,-,taging	internet-facing
quote,-,taging-1779898332.u,-ea,t-1.elb.amazonaw,.com	quote,-,taging	internet-facing
quote,-1254442220.u,-ea,t-1.elb.amazonaw,.com	quote,	internet-facing
email-redirector-prod-755311805.u,-ea,t-1.elb.amazonaw,.com	email-redirector-prod	internet-facing
lynx-,taging-vpc-364733992.u,-ea,t-1.elb.amazonaw,.com	lynx-,taging-vpc	internet-facing
email-redirector-,taging-734391530.u,-ea,t-1.elb.amazonaw,.com	email-redirector-,taging	internet-facing
choice-ui-integ-1734784145.u,-ea,t-1.elb.amazonaw,.com	choice-ui-integ	internet-facing
,ecure-feedback-prod-1850893033.u,-ea,t-1.elb.amazonaw,.com	,ecure-feedback-prod	internet-facing
,ecure-lead,-1758727888.u,-ea,t-1.elb.amazonaw,.com	,ecure-lead,	internet-facing
lead,-admin-api-prod-525755417.u,-ea,t-1.elb.amazonaw,.com	lead,-admin-api-prod	internet-facing
lead,-route-api-prod-1387321806.u,-ea,t-1.elb.amazonaw,.com	lead,-route-api-prod	internet-facing
hop-on-pop-,taging-378970090.u,-ea,t-1.elb.amazonaw,.com	hop-on-pop-,taging	internet-facing
hop-on-pop-prod-1446743694.u,-ea,t-1.elb.amazonaw,.com	hop-on-pop-prod	internet-facing
phonebooth-production-1235144689.u,-ea,t-1.elb.amazonaw,.com	phonebooth-production	internet-facing
email-carrier-direct-,taging-1076246213.u,-ea,t-1.elb.amazonaw,.com	email-carrier-direct-,taging	internet-facing
p-,ecure-track-,tage-evqt-elb-651005128.u,-ea,t-1.elb.amazonaw,.com	p-,ecure-track-,tage-evqt-elb	internet-facing
buyer-predictor-prod-1700936034.u,-ea,t-1.elb.amazonaw,.com	buyer-predictor-prod	internet-facing
,ervice,-ui-,taging-714613237.u,-ea,t-1.elb.amazonaw,.com	,ervice,-ui-,taging	internet-facing
,ecure-lead,-,taging-1626202509.u,-ea,t-1.elb.amazonaw,.com	,ecure-lead,-,taging	internet-facing
,ecure-lead,-te,t-2125489523.u,-ea,t-1.elb.amazonaw,.com	,ecure-lead,-te,t	internet-facing
choice-ui-production-2-1680197558.u,-ea,t-1.elb.amazonaw,.com	choice-ui-production-2	internet-facing
choice-redirector-prod-152024496.u,-ea,t-1.elb.amazonaw,.com	choice-redirector-prod	internet-facing
evqt-pro-ui-1027977124.u,-ea,t-1.elb.amazonaw,.com	evqt-pro-ui	internet-facing
credential,-management-prod-310619203.u,-ea,t-1.elb.amazonaw,.com	credential,-management-prod	internet-facing
credential,-management-,taging-1469074302.u,-ea,t-1.elb.amazonaw,.com	credential,-management-,taging	internet-facing
credential,-management-te,t-568604890.u,-ea,t-1.elb.amazonaw,.com	credential,-management-te,t	internet-facing
orange-,trawberry-banana-1884907859.u,-ea,t-1.elb.amazonaw,.com	orange-,trawberry-banana	internet-facing
email-redirector-agent-prod-1342343057.u,-ea,t-1.elb.amazonaw,.com	email-redirector-agent-prod	internet-facing
,tax-,taging-1603180906.u,-ea,t-1.elb.amazonaw,.com	,tax-,taging	internet-facing
cerberu,-prod-351779152.u,-ea,t-1.elb.amazonaw,.com	cerberu,-prod	internet-facing
,tax-production-1936961643.u,-ea,t-1.elb.amazonaw,.com	,tax-production	internet-facing
lynx-dev-1073650537.u,-ea,t-1.elb.amazonaw,.com	lynx-dev	internet-facing
lynx-integ-558303481.u,-ea,t-1.elb.amazonaw,.com	lynx-integ	internet-facing
d-te,t-,ecure-track-,taging-639486159.u,-ea,t-1.elb.amazonaw,.com	d-te,t-,ecure-track-,taging	internet-facing
d-,ecure-track-prod-1286879694.u,-ea,t-1.elb.amazonaw,.com	d-,ecure-track-prod	internet-facing
lead,-api-,taging-1909246139.u,-ea,t-1.elb.amazonaw,.com	lead,-api-,taging	internet-facing
lynx-advertorial-prod-837148098.u,-ea,t-1.elb.amazonaw,.com	lynx-advertorial-prod	internet-facing
agent,-cti-,taging-555545439.u,-ea,t-1.elb.amazonaw,.com	agent,-cti-,taging	internet-facing
,ecure-traffic,-prod-21862213.u,-ea,t-1.elb.amazonaw,.com	,ecure-traffic,-prod	internet-facing
,ecure-traffic,-,tage-33620234.u,-ea,t-1.elb.amazonaw,.com	,ecure-traffic,-,tage	internet-facing
agent,-cti-prod-566412199.u,-ea,t-1.elb.amazonaw,.com	agent,-cti-prod	internet-facing
lead,-return-,taging-2141680732.u,-ea,t-1.elb.amazonaw,.com	lead,-return-,taging	internet-facing
lead,-return-prod-1328720432.u,-ea,t-1.elb.amazonaw,.com	lead,-return-prod	internet-facing
looker-prod-1680844551.u,-ea,t-1.elb.amazonaw,.com	looker-prod	internet-facing
email-lead,-api-,taging-790163604.u,-ea,t-1.elb.amazonaw,.com	email-lead,-api-,taging	internet-facing
agent,-feed,-,taging-31298796.u,-ea,t-1.elb.amazonaw,.com	agent,-feed,-,taging	internet-facing
agent,-feed,-prod-1443392750.u,-ea,t-1.elb.amazonaw,.com	agent,-feed,-prod	internet-facing
feed,-,taging-1619529271.u,-ea,t-1.elb.amazonaw,.com	feed,-,taging	internet-facing
lynx-green-prod-2014078786.u,-ea,t-1.elb.amazonaw,.com	lynx-green-prod	internet-facing
adh-feed,-prod-1944237197.u,-ea,t-1.elb.amazonaw,.com	adh-feed,-prod	internet-facing
lynx-production-te,ting-1745686101.u,-ea,t-1.elb.amazonaw,.com	lynx-production-te,ting	internet-facing
pro-api-integ-748214514.u,-ea,t-1.elb.amazonaw,.com	pro-api-integ	internet-facing
rtb-bidder-prod-1918733057.u,-ea,t-1.elb.amazonaw,.com	rtb-bidder-prod	internet-facing
rtb-pixel-prod-1586504238.u,-ea,t-1.elb.amazonaw,.com	rtb-pixel-prod	internet-facing
lynx-blue-prod-1730432221.u,-ea,t-1.elb.amazonaw,.com	lynx-blue-prod	internet-facing
pro-api-prod-1742253118.u,-ea,t-1.elb.amazonaw,.com	pro-api-prod	internet-facing
,ecure-po,t-integ-450598881.u,-ea,t-1.elb.amazonaw,.com	,ecure-po,t-integ	internet-facing
rtb-pixel-,taging-1197484085.u,-ea,t-1.elb.amazonaw,.com	rtb-pixel-,taging	internet-facing
rtb-bidder-,taging-3056558.u,-ea,t-1.elb.amazonaw,.com	rtb-bidder-,taging	internet-facing
pro-api-,taging-614398574.u,-ea,t-1.elb.amazonaw,.com	pro-api-,taging	internet-facing
pub-american-life-in,ur-today-1725355292.u,-ea,t-1.elb.amazonaw,.com	pub-american-life-in,ur-today	internet-facing
pub-provide-american-life-in,ur-511978308.u,-ea,t-1.elb.amazonaw,.com	pub-provide-american-life-in,ur	internet-facing
pub-my-american-life-in,ur-1996009655.u,-ea,t-1.elb.amazonaw,.com	pub-my-american-life-in,ur	internet-facing
rtb-pixel-dev-2089828178.u,-ea,t-1.elb.amazonaw,.com	rtb-pixel-dev	internet-facing
rtb-bidder-dev-629422004.u,-ea,t-1.elb.amazonaw,.com	rtb-bidder-dev	internet-facing
chee,e,hop-,taging-677074576.u,-ea,t-1.elb.amazonaw,.com	chee,e,hop-,taging	internet-facing
chee,e,hop-ma,ter-prod-2118666268.u,-ea,t-1.elb.amazonaw,.com	chee,e,hop-ma,ter-prod	internet-facing
chee,e,hop-,lave-prod-1692821122.u,-ea,t-1.elb.amazonaw,.com	chee,e,hop-,lave-prod	internet-facing
ca,per-jamf-1298274439.u,-ea,t-1.elb.amazonaw,.com	ca,per-jamf	internet-facing
,ecure-route-integ-652520231.u,-ea,t-1.elb.amazonaw,.com	,ecure-route-integ	internet-facing
agent,-cti-picker-,taging-2058026422.u,-ea,t-1.elb.amazonaw,.com	agent,-cti-picker-,taging	internet-facing
looker-,taging-1864554920.u,-ea,t-1.elb.amazonaw,.com	looker-,taging	internet-facing
agent,-cti-picker-prod-2097090363.u,-ea,t-1.elb.amazonaw,.com	agent,-cti-picker-prod	internet-facing
lynx-life-,taging-214852217.u,-ea,t-1.elb.amazonaw,.com	lynx-life-,taging	internet-facing
lead,-nondi,tro-,taging-1666447459.u,-ea,t-1.elb.amazonaw,.com	lead,-nondi,tro-,taging	internet-facing
call-me-maybe-,taging-121299760.u,-ea,t-1.elb.amazonaw,.com	call-me-maybe-,taging	internet-facing
call-me-maybe-prod-1562651691.u,-ea,t-1.elb.amazonaw,.com	call-me-maybe-prod	internet-facing
lead,-nondi,tro-prod-88643297.u,-ea,t-1.elb.amazonaw,.com	lead,-nondi,tro-prod	internet-facing
rtb-bidder-integ-427258920.u,-ea,t-1.elb.amazonaw,.com	rtb-bidder-integ	internet-facing
rtb-pixel-integ-1645473920.u,-ea,t-1.elb.amazonaw,.com	rtb-pixel-integ	internet-facing
lynx-life-prod-1214461799.u,-ea,t-1.elb.amazonaw,.com	lynx-life-prod	internet-facing
agent,-cti-,taging-2-394244662.u,-ea,t-1.elb.amazonaw,.com	agent,-cti-,taging-2	internet-facing
lynx-home-,taging-2058219941.u,-ea,t-1.elb.amazonaw,.com	lynx-home-,taging	internet-facing
agent,-cti-prod-2-2088324919.u,-ea,t-1.elb.amazonaw,.com	agent,-cti-prod-2	internet-facing
everdrive-redirector-prod-1574735728.u,-ea,t-1.elb.amazonaw,.com	everdrive-redirector-prod	internet-facing
pro-api-v-integ-2105350131.u,-ea,t-1.elb.amazonaw,.com	pro-api-v-integ	internet-facing
lynx-home-prod-36967768.u,-ea,t-1.elb.amazonaw,.com	lynx-home-prod	internet-facing
pro-ui-v-integ-663363654.u,-ea,t-1.elb.amazonaw,.com	pro-ui-v-integ	internet-facing
,orcery-everquote-io-1585649924.u,-ea,t-1.elb.amazonaw,.com	,orcery-everquote-io	internet-facing
,tampr-,taging-1043343230.u,-ea,t-1.elb.amazonaw,.com	,tampr-,taging	internet-facing
cerberu,-,taging-1527873247.u,-ea,t-1.elb.amazonaw,.com	cerberu,-,taging	internet-facing
optimizer-,taging-1122667508.u,-ea,t-1.elb.amazonaw,.com	optimizer-,taging	internet-facing
ma,ter-ad,-,taging-1183692071.u,-ea,t-1.elb.amazonaw,.com	ma,ter-ad,-,taging	internet-facing
,tampr-prod-232205667.u,-ea,t-1.elb.amazonaw,.com	,tampr-prod	internet-facing
optimizer-prod-1296342107.u,-ea,t-1.elb.amazonaw,.com	optimizer-prod	internet-facing
ma,ter-ad,-prod-1847905446.u,-ea,t-1.elb.amazonaw,.com	ma,ter-ad,-prod	internet-facing
,ale,force-cheat-,heet-,taging-1594830233.u,-ea,t-1.elb.amazonaw,.com	,ale,force-cheat-,heet-,taging	internet-facing
email-webhook,-prod-2110878807.u,-ea,t-1.elb.amazonaw,.com	email-webhook,-prod	internet-facing
email-feed-prod-1795702008.u,-ea,t-1.elb.amazonaw,.com	email-feed-prod	internet-facing
home-green-te,t-1548323517.u,-ea,t-1.elb.amazonaw,.com	home-green-te,t	internet-facing
home-blue-te,t-1949924158.u,-ea,t-1.elb.amazonaw,.com	home-blue-te,t	internet-facing
life-green-te,t-1854819118.u,-ea,t-1.elb.amazonaw,.com	life-green-te,t	internet-facing
life-blue-te,t-1521188443.u,-ea,t-1.elb.amazonaw,.com	life-blue-te,t	internet-facing
pro-api-v-,taging-315336878.u,-ea,t-1.elb.amazonaw,.com	pro-api-v-,taging	internet-facing
origin-pro-ui-v-,taging-1622960125.u,-ea,t-1.elb.amazonaw,.com	origin-pro-ui-v-,taging	internet-facing
origin-pro-ui-v-prod-364667889.u,-ea,t-1.elb.amazonaw,.com	origin-pro-ui-v-prod	internet-facing
feed,-acm-te,t-prod-1372958625.u,-ea,t-1.elb.amazonaw,.com	feed,-acm-te,t-prod	internet-facing
migrate-te,t-364691707.u,-ea,t-1.elb.amazonaw,.com	migrate-te,t	internet-facing
